id,name,age,gender,mobile_number
1,Kong Yibo,47,Female,15038403217
2,Steven Edwards,38,Male,15673757797
3,Jiang Shengxiang,40,Male,15639234045
4,Yang Penglong,48,Male,18690429590
5,Al Evans,41,Male,15639548357
6,Xu Shiyun,49,Female,13990824090
7,Gene Jackson,41,Male,18658431890
8,Tao Yibo,38,Unknown,13866742389
9,Chen Yueqi,45,Male,15696096714
10,Xu Zhuyu,44,Male,18903294883
11,You Taian,47,Unknown,18936275779
12,Hua Yizhen,48,Female,18687747201
13,Sylvia Smith,38,Female,13808932915
14,Jing Xiaotian,44,Female,18993374707
15,Anita Hall,42,Female,15682226940
16,Zou Linshan,39,Male,13809404711
17,Audrey Evans,47,Female,13867209171
18,Carl Roberts,45,Unknown,13959111644
19,Christian White,44,Male,13957306066
20,Shen Yangchen,46,Male,13830653355
21,Jing Zhidie,39,Female,18928273520
22,Zhou Yanbai,40,Unknown,13835332483
23,Hua Cailing,43,Female,13836235059
24,Rebecca Davies,46,Female,18695296614
25,Shi Ningtao,40,Female,18962441154
26,Chen Jiabin,46,Male,15052390956
27,Zhou Qimei,46,Female,18932304528
28,Dottie Walker,43,Female,18957621651
29,Miriam Evans,47,Female,15609201594
30,Alistair Smith,40,Male,18957760110
31,Zhang Runyi,41,Male,18601703786
32,Richard Edwards,43,Male,13815125118
33,Corinna Smith,38,Female,18958346054
34,Ronnie Jackson,39,Male,13870626048
35,Patience Robinson,45,Female,18693605151
36,You Ruoke,44,Male,13940007283
37,Wei Ruichen,47,Male,13959351161
38,Wang Qimei,49,Female,13860021464
39,Rosalie Evans,48,Female,13889409221
40,Dou Yansen,48,Male,18909134675
41,Zheng Zibin,42,Male,13818250928
42,Vicky Hall,48,Female,13957748858
43,Han Changfei,47,Male,13986084233
44,Bernadette Wright,42,Female,13829691837
45,Wu Fanrui,41,Unknown,13910481219
46,Shui Rusi,46,Female,13979147586
47,Xu Jiashu,40,Male,15683516519
48,Qian Yuyang,38,Female,18917509086
49,Zhang Yilv,39,Female,18631655364
50,Miranda Roberts,38,Female,18939713565
51,Yang Zhengkai,38,Male,18974863624
52,Florrie Williams,38,Unknown,15091345681
53,Ted Taylor,43,Male,15622407318
54,Stan Thompson,39,Male,18987756675
55,Li Jingwen,38,Male,13968175165
56,Deirdre Evans,48,Female,15033852161
57,Cherry Lewis,41,Female,13988771717
58,Tao Hanfeng,44,Female,15609768742
59,Sun Wenyan,46,Female,18663855859
60,Allson Edwards,38,Unknown,15680720535
61,Liu Jinquan,46,Male,18687089220
62,Robby Jackson,38,Male,15606709103
63,Lucy Hall,39,Female,13884091597
64,Cao Chuling,44,Female,13910040719
65,Benjamin Green,39,Male,15691335568
66,Zhang Miaorui,44,Male,18672794124
67,Han Siyu,38,Male,15697295343
68,Otto Thomas,41,Male,15074427557
69,Zhou Lewen,39,Male,13987398085
70,Chen Hanfeng,43,Female,13852281965
71,Florence Lewis,42,Female,18638300869
72,Chu Yiqing,41,Female,13880989505
73,Wu Fanrui,46,Male,13952606129
74,Marilyn Harris,49,Unknown,15648043188
75,Ray Green,40,Male,18952408498
76,Kong Chengjun,44,Male,13963900648
77,Ivan Harris,39,Male,13991194384
78,Scott Hall,46,Unknown,13902218906
79,Lv Shunhang,48,Male,18986869520
80,Zou Jingye,41,Male,18631626712
81,Zhou Canqi,41,Male,15012145938
82,Florence Walker,47,Female,18654131115
83,Nicole Taylor,48,Female,15605395407
84,Lenny Jackson,49,Male,13941316848
85,David Jackson,41,Male,15663811232
86,Zhu Fanyan,43,Female,18943927144
87,Tao Ercui,39,Female,13855084716
88,Zhou Hanan,45,Female,13876958194
89,Kong Ningbai,38,Female,15036461258
90,Qing Pingning,38,Female,15036759293
91,Yan Yuanxiang,44,Male,15057827326
92,Lv Jingwei,45,Male,18930958702
93,Shi Congde,47,Male,18907982518
94,Zheng Lvping,43,Female,15668995243
95,He Ruixun,48,Male,13864072467
96,Florence Johnson,45,Female,13953574065
97,Jiang Fanrui,46,Unknown,13930330234
98,Wu Xiangchen,45,Male,18662243923
99,Qi Gulian,43,Female,13855733112
100,Jiang Zhenming,39,Male,13911532865
101,Xu Honglin,49,Male,13902792173
102,Jiang Weian,49,Male,13898155043
103,Zhao Rongchun,46,Male,15074922863
104,Xu Yishan,44,Male,15045884000
105,Uerica Hall,40,Unknown,15606761479
106,Archibald Thompson,48,Male,15003945587
107,Li Lewen,44,Male,13800724495
108,Chu Runyi,46,Male,18665857267
109,Zhou Manrui,44,Male,13934970262
110,Feng Hendong,43,Female,13993818952
111,You Boran,43,Unknown,13963049796
112,Yan Rongchun,47,Male,13844681925
113,Zhu Zicheng,46,Male,13832687921
114,Feng Lewen,44,Male,15001256579
115,Xu Nuobo,46,Male,18691284519
116,Gracie Davies,40,Female,13890402716
117,Han Leqiao,38,Unknown,15041556592
118,Faustina Hall,46,Female,15660705495
119,Allson White,43,Female,15623346768
120,Zhu Rufeng,47,Female,15010716872
121,Zou Xiaorou,43,Female,18627930507
122,Shen Mengchao,43,Male,13848720803
123,Bai Ningzhen,45,Female,13817326705
124,Jing Ziyan,42,Male,15688018946
125,Lv Ruoke,39,Male,13949123975
126,You Xiangxing,42,Male,13924787705
127,Xie Jiashuai,47,Male,13831725621
128,Samuel Johnson,48,Unknown,15636249914
129,Xu Yixian,44,Male,13935911937
130,Bernie Smith,44,Male,13970817292
131,Yang Jingwen,41,Male,18946575272
132,Di Hall,44,Female,13863451067
133,Agnes Roberts,45,Female,18601984515
134,Bai Jingping,43,Female,18603683635
135,Caesar Roberts,48,Male,15051773106
136,Karen Taylor,38,Female,13876720290
137,Frankie Wright,40,Male,13944468545
138,He Qizhen,42,Female,13961013521
139,Wei Maoan,41,Male,18907614854
140,Dustin Clarke,44,Male,13833246195
141,Jing Muhua,38,Male,15023695830
142,Undine Taylor,45,Female,18959715598
143,Sun Nianlan,44,Female,15652032545
144,Jackie Thomas,48,Female,15039530124
145,Fidelia Wilson,40,Female,13909407406
146,Phoebe Smith,41,Female,18912328850
147,You Xiangxing,45,Male,13848331704
148,Li Rufeng,45,Female,13916883945
149,Theo White,45,Male,13986643179
150,Theodoric Hughes,48,Male,13863625889
151,Dermot Lewis,49,Male,15602715703
152,Martina Patel,44,Female,15636960302
153,Shui Zuirou,38,Female,18687389223
154,Zhu Wenlu,38,Male,18687277158
155,Yu Shanwei,44,Unknown,13909788477
156,Marshall Roberts,45,Male,15078634397
157,Wei Shiyi,47,Male,13886365952
158,Lucinda Harris,47,Female,13834613733
159,Dou Youqing,44,Female,18695976535
160,Feng Ziyu,39,Male,18660093847
161,Dottie Thomas,39,Female,15085452010
162,Bernadette Wilson,41,Female,18961189437
163,Wu Mimei,46,Female,13942881431
164,Marcia Hall,39,Female,15069566546
165,Enos White,45,Male,18638799648
166,Zou Youling,40,Female,18988482692
167,Liu Shiyi,49,Male,18698191833
168,Hal Taylor,41,Male,18999505149
169,Jiang Boran,43,Male,13941181346
170,Sun Haoyan,41,Male,18610065255
171,Shi Tianlan,38,Female,15064950347
172,Qing Chumei,47,Female,13830026419
173,Victor Lewis,46,Male,18937004621
174,Wang Nuobo,49,Male,18986871484
175,Qing Jingping,42,Female,13829205071
176,Wang Qiuyan,45,Female,15035025121
177,Eva Harris,49,Female,18964807274
178,Dora Thompson,40,Female,15693789626
179,Zou Zhidie,44,Female,15008520109
180,Yang Bisong,48,Female,15660871829
181,Craig Jackson,47,Unknown,15643684197
182,Tao Shuxuan,49,Female,15085116120
183,Mary Edwards,44,Female,18654024091
184,Zhou Shishan,45,Female,13805315084
185,Vincent Roberts,45,Male,18656005147
186,Miranda Williams,38,Female,18614818998
187,Zou Youyi,39,Female,18603455227
188,Liu Mengbai,38,Female,18644263375
189,Feng Erhan,47,Female,15611561542
190,Han Hengran,46,Male,15017659962
191,Urania Walker,46,Female,15068229490
192,Jiang Yingzhi,42,Female,13872012534
193,Yu Xuelu,45,Female,13930284659
194,Yu Kaiyu,45,Male,13982873533
195,Yang Congde,39,Male,13990246914
196,Qi Yishan,39,Male,18606430869
197,Han Chenjia,42,Male,18937643936
198,Lv Yinghui,44,Female,15671567687
199,Zhou Yishuang,48,Female,15061565341
200,Richard Roberts,45,Male,13950813597
201,Hortensia Jackson,45,Female,15698891214
202,Zhang Zhaoyu,49,Male,13998207774
203,Olympia Thomas,41,Female,13912901670
204,Jiang Yuqiao,46,Female,15045639100
205,Maria Harris,39,Female,18671435981
206,Yan Shumeng,38,Female,15660589740
207,Wei Mufeng,45,Unknown,18698244030
208,Xie Yishuang,40,Unknown,15681759413
209,Wang Hanhui,44,Female,18653785415
210,Betty Davies,39,Female,13950195338
211,Frank Jackson,47,Male,13816321884
212,He Hanwu,39,Male,13805699635
213,Shui Mengbai,49,Female,18966070898
214,Andrew Johnson,44,Male,13909231636
215,Fran Thompson,41,Female,15600681584
216,Toni Clarke,47,Female,15073675791
217,Chu Linchuan,47,Male,15080256415
218,Avis Roberts,46,Female,15005657290
219,Lisa Smith,48,Female,18924197525
220,He Yunshuo,43,Male,15676339540
221,Joanne Jones,45,Female,18658136807
222,Zheng Bochang,38,Male,13972571291
223,Judith Edwards,48,Female,15025870700
224,Flora Thomas,46,Female,13802785616
225,Qian Yiyu,41,Female,15064462930
226,Hilda Clarke,43,Female,15689457853
227,Sun Hanxuan,39,Female,18644716340
228,Julian Clarke,42,Male,13974711615
229,Chen Nianer,38,Female,15697366927
230,Liu Feilei,45,Female,15665437795
231,Yan Linghai,43,Female,18667175067
232,Jing Chutai,39,Male,15670838760
233,Chen Yinghui,38,Female,13977262931
234,Xie Jiafu,48,Male,18680749663
235,Bertran Hughes,39,Male,15686864496
236,Maureen Davies,48,Female,18621719561
237,He Wenming,42,Male,13869683917
238,Wang Jiaxuan,42,Male,13951342870
239,Kong Shanwei,39,Female,18937157948
240,Li Bingzhi,49,Male,18630558721
241,Qing Muxue,46,Female,18636223046
242,Timothy Wright,46,Male,18913709126
243,Zhu Yunzhi,38,Male,15071044773
244,Jing Nianlan,48,Female,18664669055
245,Millie Robinson,44,Female,13976277480
246,Bob Lewis,47,Male,13947319351
247,Cao Zicheng,46,Male,13973963674
248,Zou Jiayu,39,Male,15028866306
249,Shi Yishan,46,Male,15049514536
250,Zhang Wanzhi,40,Unknown,13934753084
251,David Robinson,45,Male,13976135052
252,Mitchell Hughes,42,Male,18978658432
253,Amos Walker,44,Male,13863852369
254,Judy Wilson,48,Unknown,15089757539
255,Carrie Hughes,39,Female,13962102137
256,Li Ningzhen,42,Female,15653467851
257,Wu Nuobo,43,Male,18689937217
258,Salome Patel,48,Female,13969020238
259,Qing Linghan,45,Female,15021016987
260,Jing Binzhu,46,Male,13934274717
261,Qing Zhuyu,39,Male,18682004975
262,Han Haizhen,47,Unknown,13821047811
263,Chu Fangqin,42,Female,15053796611
264,He Yihao,40,Male,15652825716
265,He Ruoyun,39,Female,15621794465
266,Reg Johnson,49,Male,18685857534
267,Qian Jichen,40,Male,18678743295
268,Jiang Wenyin,48,Male,18670171493
269,Jess White,40,Female,18628521261
270,Ralph Thompson,44,Male,18998586749
271,Cao Hanming,40,Male,18618114148
272,Wei Zhuodong,39,Male,18678923634
273,You Yunzhi,44,Male,15684045816
274,Tao Yixuan,47,Male,15668442761
275,Qian Xiaodie,45,Female,13857683633
276,Qian Banxiang,39,Unknown,18620119860
277,Bai Yingtian,43,Female,13885753171
278,Chen Yuanxiang,48,Male,15639968841
279,Theobald Robinson,42,Male,13830333964
280,Pat Wilson,46,Male,15624601488
281,Mimi Green,39,Female,18987624415
282,Wu Xiangxing,46,Male,15069982275
283,Chu Pingning,42,Female,13949837180
284,Malcolm Brown,41,Male,13929836941
285,Camilla Smith,47,Female,13966547841
286,Zheng Jingyun,38,Male,13913682824
287,Chen Yuanjun,38,Male,18686339281
288,Tao Yishan,44,Female,15651274265
289,Colin Jones,40,Male,15041003332
290,Chu Wenming,40,Male,18630883140
291,Sun Yinger,41,Female,13906794354
292,Fidelia Hall,40,Female,15028279376
293,Henry Lewis,38,Male,15672327497
294,Qi Guqiu,38,Female,18600565512
295,Zhao Zhengsong,42,Male,13872170639
296,Han Yuzhou,42,Male,18996293617
297,Zhou Huanqing,41,Female,15060104803
298,Xie Zhenming,38,Male,15691537032
299,Xu Lvping,45,Female,18999680234
300,Gene Wright,49,Unknown,15610458103
301,Jiang Yibo,49,Female,15053833226
302,Vivian Clarke,49,Male,18974833067
303,Wang Jinbo,45,Unknown,15609346411
304,Qing  zixue,38,Female,15657449973
305,Feng Shuliu,40,Female,15605980669
306,You Qiaoqing,48,Female,13956614701
307,Candida Jackson,43,Female,15620472095
308,Li Cailing,43,Female,13842545267
309,Cathy Edwards,47,Unknown,13965664105
310,Jing Shiyi,49,Male,15073848489
311,Wei Youman,43,Female,15690572094
312,Micky Patel,40,Male,18936331523
313,Yan Ningyang,45,Unknown,15649764801
314,Dou Youtong,39,Male,13901526703
315,Qing Fanyan,40,Female,15068236084
316,Lv Qiufeng,39,Female,15088530748
317,Oliver Wilson,48,Male,15014605907
318,Dave Jones,45,Male,18684691080
319,Qian Qianyi,42,Female,13842183816
320,Mary Wilson,48,Female,18626102534
321,Yan Shilan,42,Female,15092302621
322,Jiang Hanxuan,47,Female,18629063473
323,Yan Chilv,49,Female,18915653755
324,Zhou Lengrou,45,Female,15024361112
325,Kong Nianyang,41,Female,13999858015
326,Hamilton Edwards,38,Male,18676194473
327,Catherine Clarke,49,Female,13884191170
328,Lenny Harris,44,Male,18923081948
329,Jing Yishan,40,Female,15604491880
330,Nan Brown,43,Female,13908490013
331,Gavin Thomas,46,Unknown,13945479844
332,Yan Zhaoxuan,45,Male,13870095720
333,You Shaohu,41,Unknown,18985524552
334,Oliver Green,39,Male,15687147370
335,Felicity Roberts,47,Female,18622474204
336,Xie Zicheng,46,Male,18926328538
337,Hortensia Johnson,44,Female,13892780356
338,Bai Dongshuang,42,Female,13815686144
339,Martina Clarke,49,Female,15049305906
340,Zhu Yuanchun,47,Female,13927562806
341,Charlene Edwards,44,Female,15667741606
342,Qian Jiaxuan,38,Male,13857780312
343,Jennifer Walker,43,Female,13947733265
344,Shi Wenming,49,Male,15079523863
345,Lee Lewis,39,Male,18931182645
346,Tel Hughes,44,Male,15637211321
347,Marilyn Hall,39,Female,15662126431
348,Zhao  youhui,42,Female,18687016162
349,Norm Clarke,46,Male,15687418212
350,Zhang Wenke,42,Male,15085745621
351,Chen Ruoke,40,Male,15647985130
352,Li Yingtian,44,Female,15661798348
353,Dou Yunshuo,49,Male,15005616385
354,Elsa Lewis,41,Female,13963582437
355,Errol White,42,Male,15632395694
356,Victor Lewis,43,Male,13918098997
357,Melissa Evans,46,Female,15082681966
358,Jiang Qizhen,39,Female,15648228450
359,Wang Yingtao,44,Female,15074810279
360,Chu Jingwen,39,Male,15646720643
361,He Hongbang,40,Male,18673404616
362,Yan Zicheng,47,Male,13965241362
363,Luke Brown,40,Unknown,15653796360
364,Poll Jackson,41,Female,13805244864
365,Sandra Brown,42,Female,18929417326
366,He Benqing,44,Male,18699338307
367,Yu Feiqing,46,Female,18922745977
368,Qi Ruize,46,Male,18669476121
369,Norman Brown,45,Male,13924880879
370,Li Danqing,42,Female,18673636686
371,Qing Mining,40,Female,18987291370
372,Edmund Clarke,38,Male,15683948868
373,Zhao Yihao,40,Male,15052905135
374,Persis Wright,45,Unknown,15626473469
375,Yan Chunan,48,Male,18603989796
376,Liz Jones,43,Female,18952324673
377,Yu Qizheng,42,Male,13884540617
378,Qian Nandie,38,Female,13877463593
379,Dennis Patel,41,Male,15077553455
380,Bernie Wilson,40,Male,18641154719
381,Zhao Yuxuan,40,Male,18908905381
382,Han Hanwu,39,Male,18637769897
383,Zhu Yueqi,40,Male,18951255896
384,Leslie Brown,44,Female,18649276288
385,Shen Qizhen,48,Female,18687812134
386,Darrell Johnson,40,Male,13913298284
387,Zhao Jiayu,39,Male,18681271060
388,Qian Xiaofeng,41,Female,13854197619
389,He Banxiang,48,Female,18924078589
390,George Smith,44,Male,18694675683
391,Zhou Huiran,39,Male,18604808591
392,Brian Patel,49,Male,13991503837
393,Qian Yaxia,47,Female,15007334154
394,Muriel White,39,Female,13856749672
395,Xu Hanxuan,38,Female,18937114201
396,Basil White,40,Male,13903524310
397,Rosie Wilson,41,Female,15006191648
398,Jing Jishan,46,Female,18649055055
399,Chu Shengxiang,49,Male,13968713358
400,Wu Ruoyan,38,Female,18676352982
401,Jing Hanshuang,42,Female,18935024518
402,Felix Walker,44,Male,15097426676
403,Bobby Roberts,46,Male,18699239326
404,Noah Harris,47,Unknown,13935818451
405,Clarence Green,45,Male,15694718398
406,Zou Lengrou,43,Female,13825496694
407,Trudie Lewis,40,Unknown,18962375539
408,Zhu Honglin,48,Male,13825820064
409,Zhou Hanling,46,Female,13994010802
410,Lv Wanzhi,47,Female,18940947434
411,Janey Jackson,46,Female,13985048926
412,Jiang Jingwen,44,Male,15647649410
413,Zhou Zhongxiao,48,Male,18640776921
414,Matt Thompson,43,Male,13932324056
415,Jesse Johnson,49,Male,15031069354
416,Sun Yankun,43,Male,18922417437
417,Lv Jianrong,47,Male,18941514162
418,Lv Shizhen,45,Female,15070802434
419,Lisa Taylor,41,Unknown,15685475495
420,Yang Baitao,49,Female,15660272878
421,Chen Haoyan,47,Male,13870705830
422,Natalie Taylor,42,Female,18990290945
423,Bai Chutai,43,Male,15690813331
424,Xie Minghan,43,Male,18653864171
425,Yang Penglong,47,Male,18662638353
426,Xu Yuanhong,49,Male,13839324198
427,Liu Hanshuang,42,Female,15653974261
428,Audrey Wright,42,Female,18949082118
429,Jiang Yixuan,43,Male,15612455594
430,Patience Hughes,40,Female,15094646510
431,Qi Rufeng,46,Female,18619187298
432,Feng Ermei,38,Female,15086534755
433,Qi Hanxiang,49,Male,18911319405
434,Hua Erqiu,48,Female,15628052977
435,Cao Yueqi,41,Male,15057947264
436,Hua Haonan,40,Male,18682228818
437,Dominic Green,43,Male,18621769806
438,Tao Xixia,46,Unknown,18913371070
439,Jiang Junzhuo,40,Male,13841436603
440,Elroy Edwards,45,Male,13943330557
441,Jode Brown,38,Female,13911518558
442,Karl Hughes,38,Male,13894495130
443,Qian  biqin,46,Female,18603986116
444,Dan Wright,41,Male,13988508833
445,Xu Ruichen,49,Male,13821706846
446,Qi Binzhu,39,Male,15651555135
447,Mildred Wright,48,Unknown,13933700776
448,Qi Yinxiang,38,Male,15076744537
449,Jiang Hanlan,41,Female,18637953695
450,Susanna Taylor,47,Female,15669197323
451,Kong Maoan,46,Male,13864597380
452,Zou Moyu,46,Male,13949270728
453,Chu Guqiu,38,Female,18974814682
454,Abe Harris,38,Male,18976184464
455,Dulcie Patel,45,Female,18983135639
456,Shen Mingliang,48,Male,18685251708
457,Kong Xiaocui,40,Female,15021189476
458,Cynthia Patel,39,Female,18678419999
459,Moira Roberts,43,Female,15641994775
460,Anne Jones,42,Female,15665588648
461,Jill Thomas,49,Female,13821451983
462,Xu Fanrui,48,Male,18676986941
463,Brittany White,48,Female,13899633547
464,Wu Yuyang,46,Female,15635108537
465,You Bisong,45,Female,18644459199
466,Ollie Smith,44,Male,15077767818
467,Georgie Taylor,40,Female,15617066125
468,Wang Wenqiu,42,Female,13863422390
469,Malachi Lewis,46,Male,13937820660
470,Diana Thompson,41,Female,13834712519
471,Martha Clarke,46,Female,18616903538
472,Rosalyn Jones,48,Female,13905966109
473,Olive Wright,43,Female,13844156177
474,Tao Bochang,42,Male,15059214621
475,Wayne Taylor,38,Male,15070303753
476,Zhou Miyan,38,Female,15014782909
477,Yan Yusong,46,Female,13915520945
478,Qian Yuanxiang,45,Male,18688985462
479,Kong Huaibai,43,Female,18643797214
480,Zou Banqin,41,Female,13901142432
481,Marshall Hall,47,Unknown,15004010251
482,Fran Smith,45,Female,13982065462
483,You Dongsi,47,Female,18955639487
484,Zhou Yuandong,42,Female,15024083648
485,Diana Robinson,48,Unknown,13995890033
486,Brian Brown,47,Male,15009690461
487,Jiang Jingjie,46,Male,15604747830
488,Xu  menghan,43,Female,18931198598
489,Nicholas Hughes,48,Unknown,18675499803
490,Lv Xinyue,48,Male,13928101294
491,Sun  biqin,41,Female,13986404059
492,Shui Zhuyu,49,Male,13866763281
493,Sun Chufeng,45,Female,18980635996
494,Bai Ermei,49,Female,18673422309
495,You Qicheng,49,Male,15640275929
496,Ozzie Smith,38,Male,13900350627
497,Shi Runyi,48,Male,13911676010
498,Dermot Robinson,48,Male,18650644724
499,Zhang Peiling,45,Female,13851979198
500,Milton Smith,39,Unknown,15044189671
501,Jiang Feiqing,45,Female,15063346307
502,Mabel Smith,41,Female,13860891882
503,Li Benqing,49,Male,13889199951
504,Chen Gurui,41,Female,18674936591
505,Dudley White,42,Male,15014782427
506,Jing Ziyu,49,Male,15695243997
507,Yan Conglei,46,Female,18647979883
508,Jane Robinson,42,Female,15070332166
509,Salome Robinson,47,Female,13866772753
510,Vivian Brown,48,Male,13987264599
511,Chu Qiuman,43,Female,15071536983
512,Kong Xumeng,45,Male,13943189492
513,Jeanie Wilson,44,Female,13849533904
514,Shen Tianfan,42,Female,15088879110
515,Yu Huasheng,43,Male,15621142637
516,Chen Jiashuai,39,Male,15003660263
517,Zhang Benqing,38,Unknown,13960918549
518,Auberon Robinson,48,Male,15051381078
519,Crystal Brown,46,Female,15084309768
520,You Shengjian,47,Male,15063264518
521,Lester Lewis,41,Male,18991507271
522,Jeff Lewis,43,Male,13897824252
523,Kong Qiaobai,39,Female,18962148638
524,Alistair Lewis,47,Male,13891971811
525,Benjamin Wilson,43,Male,15067783063
526,Cao Jiashu,41,Male,13982935548
527,Debby Williams,42,Female,18643905431
528,Qian Huahong,39,Male,15036808740
529,Angelica Harris,39,Female,13801466057
530,Hilda Harris,43,Female,13863391481
531,Charlene Hall,46,Female,15059383162
532,Susan Johnson,44,Female,13861191981
533,Shen Shitong,39,Female,13826123601
534,Yan Yingzhi,45,Unknown,18692168525
535,Charlotte Davies,47,Female,13949976177
536,Tao Yinghui,43,Female,15020644976
537,Shui Yihan,44,Female,13962668922
538,He Fangqin,43,Female,13938113424
539,Sun Hanxiang,45,Female,15059741639
540,Dou Lingzhi,48,Female,18913957932
541,Phil Robinson,38,Male,15630709639
542,Xu Ziyan,42,Unknown,18925403340
543,Murray Davies,48,Male,15065481837
544,Wei Xiaoshan,42,Female,15069443206
545,Bai Yuzhou,43,Male,15645334039
546,June Hall,48,Female,18971216787
547,Phoebe White,49,Unknown,13867433379
548,Gillian Jones,48,Female,18651860969
549,He Yukun,48,Male,18967603677
550,Zhao Yankun,46,Male,15006083021
551,Jing Jiaji,38,Male,18971995428
552,Daisy Edwards,48,Female,15011121420
553,Chu Youqing,41,Female,15660300594
554,Nancy Wright,46,Female,13809059908
555,Susan Hall,45,Female,18972414010
556,Tricia Taylor,41,Female,18977282386
557,Juliet Smith,40,Female,15098059461
558,Tao Erqing,43,Female,15651177344
559,Qian Yukun,40,Unknown,13820591356
560,Alistair Walker,47,Male,15066175538
561,Yang Manyun,47,Female,18946478788
562,Bai Youyi,43,Female,13820491699
563,Cheryl White,39,Female,13848911709
564,Qian Jishan,46,Female,13956678456
565,Zheng Rusi,38,Female,15694603232
566,Tao Manrui,43,Male,13825405039
567,Georgina Smith,41,Female,15691496587
568,Yan Panhai,44,Female,13885393179
569,Louisa Roberts,42,Female,18966855678
570,Wang Lisheng,47,Male,13947865508
571,Yang Nuobo,44,Male,15087215484
572,Zou Haozhen,48,Male,18613342990
573,Yan Xiangheng,48,Male,13927999733
574,Wang Yuyang,40,Female,18685658883
575,Dou Huaiyu,39,Male,13955823401
576,Clare Harris,49,Unknown,15022058632
577,Joseph Davies,45,Unknown,13853290517
578,Allen Walker,47,Male,13971923563
579,Tel Hughes,48,Male,15671223228
580,Zhu Yiye,49,Male,18989797324
581,Tao Zhiyong,48,Male,13955068968
582,Gracie Williams,38,Unknown,15654771734
583,Zou Xintao,46,Male,15052391875
584,Sal Walker,44,Female,15066448396
585,Gracie Thomas,46,Female,15616426004
586,Aggie Smith,39,Female,15673271314
587,Michael Harris,46,Male,13846486784
588,Feng Jingping,49,Female,13892932966
589,Xu Dongsi,46,Female,15618203439
590,Yang  zixue,49,Female,15664059213
591,Wei Zibin,40,Male,15066207398
592,Ollie Patel,49,Male,18943805369
593,Yu Chutai,49,Unknown,13928637245
594,Jing Qize,39,Male,18911514543
595,Wu Jianxi,49,Male,18913537836
596,Yan Jiaye,38,Male,13857113998
597,Feng Chutai,48,Male,13909557872
598,Allen Williams,45,Male,15078834977
599,Lou Green,39,Male,13891114271
600,You Hanfeng,47,Female,13902596073
601,Zhu Tinghan,44,Female,18936952957
602,Patrick Johnson,38,Male,15059073373
603,Yang Xiangheng,40,Unknown,13971686381
604,Christopher Walker,46,Male,15016604133
605,Shen Mengbai,41,Female,13973701454
606,Joseph Davies,38,Unknown,13855475664
607,Wu Jiayu,39,Male,13981604436
608,Bai Zibin,38,Male,13978258053
609,Eulalia Brown,43,Female,15611521923
610,Zhao Bandan,44,Female,15660112160
611,Kong Yuqiao,45,Unknown,15099570975
612,Rupert Walker,44,Unknown,13837332637
613,Tommy Davies,49,Male,13965685007
614,Aggie Smith,49,Female,13890821768
615,He Huaibai,48,Female,18615409124
616,Arnold Wright,40,Male,13813278638
617,Theodore Jones,46,Male,15637550207
618,Tao Binzhu,41,Male,13811252764
619,Zhang Qintao,41,Male,15098553535
620,Jessy Clarke,38,Male,15622821239
621,Trevor Evans,38,Male,18622164699
622,Zheng Runyi,42,Male,15613461351
623,Sara Patel,48,Female,15029521800
624,Qing Canning,41,Unknown,13898229676
625,Olive Taylor,49,Unknown,18904349852
626,Qian Qianqiu,43,Female,13826275879
627,Zheng Anran,46,Male,18618045550
628,Xie Yuyang,44,Female,13944671764
629,Hua Zhaoyu,48,Male,15699277820
630,Chen Dongyan,45,Female,15099875207
631,Yang Hanzhe,44,Male,18982417146
632,Qi Jiaye,43,Male,13885966956
633,Shi Tingping,39,Female,15061819814
634,Cao Yuanhong,46,Male,18679830367
635,Zheng Manlv,42,Female,15006794564
636,Shui Nuobo,39,Male,13913540869
637,Zhou Zhuodong,45,Male,13961123893
638,Teresa Davies,42,Female,13891982464
639,Wang Feifeng,44,Female,13934358401
640,Mandy Smith,46,Female,15021347865
641,Hector White,44,Male,13932852743
642,Jiang Rusi,48,Female,18668906200
643,Sebastian Roberts,42,Male,13902204580
644,Cao Feilei,39,Unknown,13923207645
645,Zheng Biyan,41,Female,15031117856
646,Zhang Yousong,46,Female,18677768520
647,Benjamin Davies,38,Male,13866484683
648,Wei Shiyan,44,Female,15674552802
649,Yu Ziyun,46,Female,13941972839
650,Bai Dongtao,48,Female,13859120738
651,Zhou Leqiao,38,Unknown,18664254367
652,Shen Lisheng,44,Male,13861013178
653,Bridget Patel,47,Female,18943199652
654,Anne Davies,48,Unknown,18946670873
655,Ed Harris,46,Male,13824150273
656,Dou Ruichen,39,Male,18643572672
657,Lindsay Davies,44,Female,18943286924
658,Pete Evans,49,Male,15011038308
659,Qi Lvwei,38,Female,13983501780
660,Shui Ruoyan,44,Female,18637811038
661,Zhang  biqin,43,Female,13913466199
662,Jiang Qicheng,49,Unknown,18613460353
663,Qi Erqing,48,Female,18957695206
664,Leila Roberts,45,Female,15086821816
665,Maureen Williams,39,Female,15075333888
666,Oz Smith,42,Male,15087063733
667,Phyllis Evans,49,Female,18685322740
668,Dou Wanzhi,48,Unknown,15098913299
669,Tessa White,47,Female,13963976928
670,Hamilton Thomas,42,Male,15023535195
671,Shi Yuzhou,43,Male,15659504876
672,Joanne Taylor,46,Unknown,18929478204
673,Shen Zhiteng,45,Male,13941916164
674,Kong Aonan,45,Female,13891465941
675,Daniel Green,44,Male,18604930949
676,Liu Wenjing,42,Male,18659494427
677,He Wenyin,43,Male,18961133099
678,Sonia Wright,45,Female,18639197649
679,Qing Maoan,45,Male,13850673191
680,Hua Wenjing,41,Male,13841249541
681,Jessica Jones,40,Unknown,15625169397
682,Lv Jiamin,49,Male,18605231640
683,Ray Wilson,39,Male,18904726351
684,Lv Yuanxiang,46,Male,15044720365
685,Carrie Clarke,43,Female,15656026139
686,Chen Chenjia,41,Male,15098824410
687,Qian Bochang,47,Unknown,18912693787
688,Lv Yunzhi,47,Male,15086743807
689,Sal Edwards,49,Female,18983513679
690,Eric Lewis,44,Unknown,15013323584
691,Hua Zhuodong,47,Male,18634713970
692,Jackie Taylor,49,Female,15037461347
693,Vivian Johnson,41,Unknown,15083663048
694,Li Jingwen,42,Male,15051112476
695,Zhang Yunzhi,38,Unknown,18934670692
696,Naomi Lewis,48,Female,15632679243
697,Wei Leqiao,42,Female,18971543234
698,Qi Jiabin,48,Male,13883890984
699,Li Linglian,49,Female,13834907428
700,Clare Green,44,Female,15623523765
701,Moira Hughes,38,Female,15034261239
702,Feng Zhenming,45,Male,18910019042
703,Leonard Clarke,38,Male,18904797951
704,Allson Evans,39,Female,18668152894
705,Theobald Thompson,46,Male,18628061981
706,Malcolm Edwards,47,Male,13915906463
707,Zhang Mimei,46,Female,13839866372
708,Ed Davies,42,Male,13924863552
709,Padraic Davies,42,Male,18610106228
710,Jeffrey Robinson,48,Male,18658605272
711,Priscilla Thompson,43,Unknown,15659160287
712,He Leshuang,49,Female,13950610498
713,Wei Yangyang,44,Male,15661025568
714,Jeanie Evans,46,Female,15698201024
715,Kong Xiangzhe,42,Male,18608114189
716,Lv Yinxiang,41,Male,15023405921
717,Adolf Davies,38,Male,15075997121
718,Geraint Walker,47,Male,15011638613
719,Lou White,48,Male,15622710919
720,Chen Ziyan,48,Male,13985564910
721,Alma Williams,42,Female,15615781133
722,Stewart Jones,40,Unknown,18908287035
723,Xie Ercui,46,Female,18981092712
724,Danny Smith,39,Male,15656054124
725,Adelina Taylor,48,Female,18698722990
726,Katharine Thompson,42,Female,18622890184
727,Han Peixiang,46,Female,15054504848
728,Shen Yuanchun,42,Female,15051980900
729,Rosalind Roberts,41,Female,15066206015
730,Mignon Walker,38,Female,18924870480
731,Kong Yuandong,44,Female,13957711628
732,Zou Moyu,45,Male,13949333244
733,Zhang Jiayu,43,Male,15035685329
734,Van Hughes,41,Male,15630507980
735,Shen Haifeng,38,Female,15620510105
736,Qian Junqin,49,Male,15621313057
737,Barbara Hall,41,Female,15001561594
738,Lindsay Taylor,47,Female,13885244346
739,Stanley Thomas,43,Male,18614288867
740,Graham Hughes,42,Male,15013857255
741,Dou Youyi,45,Unknown,18697159896
742,Shen Jinquan,39,Unknown,15086986800
743,Murray Edwards,42,Male,18991801109
744,Zheng Rongchun,45,Male,13844791357
745,Marcia Wright,41,Female,15019139646
746,Auberon Smith,38,Male,18653845605
747,Wang Mucheng,48,Male,15068585157
748,Zhou Yaokun,47,Male,15694798702
749,Ron Hall,39,Male,18659430348
750,Dou Yishuang,42,Unknown,18697569508
751,Zheng Jiaxuan,40,Male,15045496448
752,Vivien Johnson,38,Unknown,15665186413
753,Richie Roberts,42,Male,13913280853
754,Zheng Hanxiang,39,Female,18670303787
755,Jing Manyun,38,Female,18602368649
756,Hua Boran,41,Unknown,15678864028
757,Yu Ruichen,49,Unknown,15653633429
758,Floyd Green,47,Male,13931236054
759,Xie Tingqin,44,Female,13851038298
760,Irwin Green,39,Male,13848256680
761,Shi Tingping,47,Female,18917395106
762,Chu Yingzhi,38,Female,13892297977
763,Qian Shunhang,45,Male,13904943158
764,Ross Edwards,44,Male,15082403377
765,Roger White,47,Male,15657072117
766,Hua Yuwen,45,Unknown,18909695537
767,He Pengxiao,46,Male,13992952835
768,Qi Haizhen,49,Female,18903816077
769,Kent Wilson,43,Unknown,18677968674
770,Joanne White,49,Female,15696020889
771,Ned Walker,42,Male,18920058215
772,Eli White,44,Male,18657056752
773,Yan Yingwen,42,Female,15011117135
774,Robin Green,42,Female,15058014776
775,Zhang Zhixiang,46,Male,18648771704
776,Jock Walker,43,Unknown,13847306454
777,He Yuke,46,Male,13862391062
778,Yu Haonan,38,Male,18620772002
779,Zhang Rongchun,46,Unknown,13876049145
780,Wu Yuke,41,Male,15697716653
781,Evadne Patel,43,Female,18968189028
782,Wang Linglian,39,Female,18969987402
783,Fidelia Brown,46,Unknown,13968050454
784,Zou Muman,40,Female,15082906238
785,Vanessa Taylor,45,Female,15673419018
786,Pam Wright,40,Female,15681418158
787,Leila Smith,46,Female,13844258588
788,Yu Shuzhen,48,Female,15002712259
789,Yang Guqiu,41,Unknown,18618885717
790,Feng Runbin,46,Male,18651835501
791,Xu Dongqing,49,Female,18906327698
792,Cao Yanlei,43,Female,15051467267
793,Sean Jones,49,Male,15079603202
794,Liu Miaorui,40,Male,13875091436
795,Wei Shengjian,46,Male,15093350281
796,Camilla Smith,38,Unknown,13888156877
797,Malachi Hughes,40,Male,15692037530
798,Sophia Davies,41,Unknown,13951024215
799,Wei Yingtian,42,Unknown,18950729224
800,Qian Yuyang,38,Female,18693379558
801,Xie Linchuan,45,Male,13963778907
802,Saul Thompson,46,Male,13815670484
803,Jason Evans,44,Male,13995118915
804,Juliana Harris,49,Female,18980805234
805,Eleanor Patel,39,Female,15058335384
806,Qi Fanrui,44,Male,15041528785
807,Shui Xiangchen,44,Male,15083994279
808,Chu Yiqing,45,Female,15056215954
809,Polly Walker,39,Female,15662365107
810,Philemen Brown,46,Male,15042197811
811,Wu Yuanchun,40,Female,13826019898
812,Wei Ruize,41,Male,18942952860
813,Zou Muxue,46,Female,18658582425
814,Hua Siyu,49,Male,13844751765
815,Shi Guzhu,41,Female,18968522668
816,Chen Chundie,44,Female,18987365407
817,Evelyn Edwards,49,Female,15698087021
818,Chu  zixue,47,Female,13884487578
819,Qian Jingxiang,41,Male,18906077064
820,Tommy Harris,38,Male,18981774268
821,Crystal Walker,41,Female,13975605074
822,Ted White,49,Male,13872798954
823,Alfred Thomas,39,Male,18985327914
824,Qi Xiangling,46,Female,15600505124
825,Dou Huanqing,41,Female,13977560856
826,Lester Thompson,43,Unknown,13960497825
827,Frieda Thompson,41,Female,18992126544
828,Shi Shaohu,46,Male,18665305291
829,Cecil Walker,41,Male,18908106812
830,Tina Hall,49,Female,15051134968
831,Sean Jackson,45,Male,18902436646
832,Willy Patel,47,Male,15622520990
833,Han Pingtian,44,Female,18683156813
834,Mary Clarke,47,Female,15017977858
835,Dan Thomas,48,Male,15698372907
836,Jo Roberts,45,Female,13974570937
837,Marcie Davies,40,Female,13853910784
838,Archibald Lewis,40,Male,18960333107
839,Wang Zhengsong,39,Male,13921608724
840,Chen Chunfu,45,Female,13822330958
841,Isabel Clarke,43,Female,18907350082
842,Sally Thomas,38,Female,13896412880
843,Tao Chengjun,48,Male,15034757254
844,Han  qizhen,45,Unknown,15084888189
845,Xie Wenyan,45,Unknown,18968451760
846,Zou Panlei,47,Unknown,15097673852
847,He Chilv,38,Female,18679946737
848,Joan Johnson,44,Female,13908204055
849,Kong Youqing,45,Female,15641123045
850,Pius Hughes,43,Male,15040270297
851,Wang Shuliu,44,Female,15067727199
852,Steven Taylor,49,Male,13838231084
853,Qi Yousong,49,Female,13983180228
854,Shi Binggan,45,Male,18976035237
855,Jiang Yahe,43,Female,13945549155
856,Yan Xiaofeng,44,Male,15690792395
857,He Hanan,42,Unknown,15661971857
858,You Jingyun,45,Unknown,13979841817
859,Hedwig Williams,38,Female,15695281764
860,Qian Yupeng,38,Male,18977785520
861,Christine Evans,44,Female,18690580198
862,Julian Wilson,49,Male,15071361392
863,Shen Zhengsong,39,Male,18910613781
864,Craig Thompson,47,Male,15002945019
865,Mabel Patel,44,Female,13832293707
866,Yang Huanwen,41,Female,13956409278
867,Sun Jiaxuan,39,Male,18965536051
868,Yang Youling,49,Female,18600332576
869,Sandra Williams,49,Female,18603309373
870,Bai Muhua,49,Male,13848283803
871,Qing Qizheng,48,Male,15052254763
872,Gwendoline Thompson,40,Female,13979659683
873,Sid Williams,44,Male,18621832099
874,He Hanxiang,40,Male,18652217119
875,Amy Thompson,44,Female,15080247527
876,Gaston Harris,47,Male,15638575006
877,Dou Youtong,44,Male,13924463586
878,Christian Wright,47,Male,13840211082
879,Sun Ruyu,45,Male,18630096502
880,Rosalind Harris,48,Female,13821309686
881,Adelina Hughes,43,Female,13925252488
882,Hannah Jackson,38,Female,15686777514
883,Yu Yixian,45,Male,18928820996
884,Qing Shiyun,43,Female,18647249691
885,Sophronia Harris,44,Female,18672443902
886,Bai Xuelu,38,Female,13816578955
887,Jim Johnson,43,Male,18908203198
888,Zhang Chilv,44,Female,13830355133
889,Jing Huaibai,46,Female,13834724532
890,Shi Hongbang,42,Male,18947053480
891,Paul Edwards,43,Unknown,13880541935
892,Sun Shizhen,48,Female,13871926181
893,Burt Robinson,40,Male,15607919844
894,Shen Yuzhou,38,Male,15633087233
895,Nora Green,40,Female,13832927004
896,Wang Chumei,38,Female,18605924146
897,Emlyn Clarke,43,Male,15608040152
898,Wei Yanhong,49,Male,13880795819
899,Patti Jones,45,Female,13929714055
900,Wei Ruichen,42,Male,18630660033
901,Elsa Jones,39,Female,13877433063
902,Fiona Wilson,45,Female,18980108445
903,Yu Miaocui,43,Female,15694815599
904,Sadie Hughes,43,Female,13997748487
905,Zhu Weian,48,Male,15694244602
906,Kong Pinglv,43,Female,15067667014
907,He Xinyue,39,Male,13928811240
908,Han Anxuan,41,Female,18686914320
909,Glenda Taylor,41,Female,15090285509
910,Rick Walker,43,Male,13845732810
911,Qing Muhao,42,Male,18979820269
912,Joe Jackson,48,Male,13981892390
913,Tricia Lewis,49,Unknown,15644251290
914,Edward Thompson,41,Male,13910781606
915,Yu Youcui,47,Female,18603731574
916,Joseph Taylor,41,Unknown,13982600859
917,Wei Runbin,47,Male,15633980855
918,Jiang Lengrou,45,Female,15078677864
919,Theo Edwards,40,Male,18942438052
920,Leslie Evans,39,Male,15086706736
921,Anthea Smith,43,Female,13822403967
922,Feng Yixian,46,Male,13883896077
923,Xu Bingzhi,40,Male,15666294015
924,Judy Wright,45,Female,13872056675
925,Andrew Davies,39,Male,18668717910
926,Jasper Wright,41,Male,15025038804
927,Chen Xiangman,44,Female,18950665504
928,Wu Yunzhi,46,Male,13804242356
929,Bai Rusi,48,Female,15080012926
930,Qing Yousong,39,Female,18919266551
931,Milton Hall,49,Male,15090666285
932,Libby Patel,44,Female,18921558921
933,Molly Wilson,47,Female,13867191407
934,Zhu Hanxuan,40,Female,18639347903
935,Frieda Johnson,39,Female,18936329960
936,Qi Zhuyu,49,Male,13994163061
937,Feng Yishan,48,Female,15050103259
938,Della Johnson,39,Female,18988585952
939,Jiang Jiaji,39,Male,18632801398
940,Yang Feining,47,Female,13829954971
941,Qi Yilang,38,Male,15042022862
942,Zou Biyan,48,Unknown,15066512800
943,Felix Thomas,39,Male,18928363418
944,Zhou Yihao,46,Male,18699556584
945,Xie Tingwei,40,Female,15638248700
946,Wei Bingzhi,38,Male,13808031042
947,Shen Yuming,39,Male,15087423983
948,Charlene Wright,44,Female,15097750967
949,Qian Linghan,39,Female,13829631725
950,Winifred Roberts,48,Female,13950258526
951,Zou Huasheng,46,Male,13890220609
952,He Hanwu,44,Male,15601927407
953,Chu Guqiu,38,Female,15629576611
954,Lynn Brown,45,Unknown,13881429811
955,Ivy Walker,48,Female,13833189147
956,Wu Ruyu,48,Male,15033727825
957,Tao Jiaji,48,Male,15691425098
958,Sun Siyu,40,Male,18941979727
959,Bud Edwards,44,Male,18667249231
960,Otto Clarke,45,Male,13812729202
961,Sun Tianlan,41,Female,18981600745
962,Qing Benqing,45,Male,13935686416
963,Xie Pingning,43,Female,15014021450
964,Flora Taylor,39,Unknown,15017307252
965,Montgomery Hughes,44,Male,13960406694
966,Chen Ziquan,49,Male,18900813304
967,Zhang Binzhu,43,Male,13993214232
968,Kirk Roberts,48,Male,18666463748
969,Wang Fanzhen,39,Unknown,15057996011
970,Poll Robinson,40,Female,15684292691
971,Shui Huaiyun,40,Female,13916281841
972,Tracy Johnson,44,Female,18930364600
973,Cao Ruyu,46,Unknown,18945455832
974,Mike Evans,39,Male,15036042990
975,Xu Qintao,46,Male,13907947978
976,Jing Kaiyu,44,Male,18649382405
977,Gerald Thompson,45,Male,15091767921
978,Xu Yingzhi,41,Female,18664619638
979,Jode Evans,47,Female,15015836603
980,Shi Zhuodong,41,Male,15648162947
981,Chen Dongyan,40,Female,13805440014
982,Kong Yishan,40,Male,13846951812
983,Tao Yihan,48,Unknown,13882601885
984,Jiang Tingping,40,Female,15640956081
985,Basil White,38,Male,18908173824
986,Zhou Yuyang,45,Female,13819826633
987,Yang Jingjie,49,Unknown,18695883703
988,Jiang Zibin,43,Male,15612372969
989,Bai Hanzhe,41,Male,18938086436
990,Mimi Jackson,41,Female,13938227972
991,Wang Jiayu,47,Male,15005896783
992,Camilla Thompson,44,Female,13933012299
993,Octavius Davies,47,Male,15037128173
994,Bonny Robinson,48,Female,13888867967
995,Gareth Thomas,47,Male,15064627892
996,Wilfred Smith,43,Male,18614883720
997,Alden Williams,47,Male,15624803627
998,Jing Yingtian,38,Female,15669666192
999,Greg Wright,39,Male,18980924072
1000,Kong Xiaohuai,42,Female,18633961030